{"schema":5,"addons":[{"id":"loop@mozilla.org","icons":{"32":null,"64":null},"type":"extension","name":"Firefox Hello Beta (discontinued)","version":"2.5.0","creator":{"name":"Standard8","url":"https://addons.mozilla.org/en-US/firefox/user/standard8/?src=api"},"developers":[{"name":"Ian Bicking","url":"https://addons.mozilla.org/en-US/firefox/user/ianb/?src=api"}],"description":"Firefox Hello has been discontinued.","fullDescription":"Firefox Hello is being discontinued. Learn more\n\nThe add-on on this site will now automatically remove itself. This is in preparation for shutting down Hello.","developerComments":null,"eula":null,"homepageURL":"https://github.com/mozilla/loop","learnmoreURL":"https://addons.mozilla.org/en-US/firefox/addon/firefox-hello-beta/?src=api","supportURL":"https://github.com/mozilla/loop/blob/master/README.md#issues","averageRating":2,"reviewCount":10,"reviewURL":"https://addons.mozilla.org/en-US/firefox/addon/firefox-hello-beta/reviews/?src=api","totalDownloads":14781,"weeklyDownloads":125,"dailyUsers":14781,"sourceURI":"https://addons.mozilla.org/firefox/downloads/file/502754/firefox_hello_beta_discontinued-2.5.0-fx.xpi?src=api","repositoryStatus":4,"size":5257,"updateDate":1473868197000,"isPlatformCompatible":true}]}