{"schemaVersion":17,"addons":[{"id":"loop@mozilla.org","syncGUID":"PV0bshjyT4S1","location":"app-system-defaults","version":"1.1.14","type":"extension","internalName":null,"updateURL":null,"updateKey":null,"optionsURL":null,"optionsType":null,"aboutURL":null,"icons":{},"iconURL":null,"icon64URL":null,"defaultLocale":{"name":"Firefox Hello Beta","description":"Web sharing for Firefox","creator":"Mozilla","homepageURL":null},"visible":true,"active":true,"userDisabled":false,"appDisabled":false,"descriptor":"/usr/lib/firefox-esr/browser/features/loop@mozilla.org.xpi","installDate":1474526330000,"updateDate":1474526330000,"applyBackgroundUpdates":1,"bootstrap":true,"skinnable":false,"size":4109482,"sourceURI":null,"releaseNotesURI":null,"softDisabled":false,"foreignInstall":false,"hasBinaryComponents":false,"strictCompatibility":false,"locales":[],"targetApplications":[{"id":"{ec8030f7-c20a-464f-9b0e-13a3a9e97384}","minVersion":"45.0","maxVersion":"45.*"},{"id":"xpcshell@tests.mozilla.org","minVersion":"0","maxVersion":"10"}],"targetPlatforms":[],"multiprocessCompatible":false,"seen":true},{"id":"{972ce4c6-7e08-4474-a285-3208198ce6fd}","syncGUID":"xlikfC2qIkG8","location":"app-global","version":"45.4.0","type":"theme","internalName":"classic/1.0","updateURL":null,"updateKey":null,"optionsURL":null,"optionsType":null,"aboutURL":null,"icons":{"32":"icon.png","48":"icon.png"},"iconURL":null,"icon64URL":null,"defaultLocale":{"name":"Default","description":"The default theme.","creator":"Mozilla","homepageURL":null,"contributors":["Mozilla Contributors"]},"visible":true,"active":true,"userDisabled":false,"appDisabled":false,"descriptor":"/usr/lib/firefox-esr/browser/extensions/{972ce4c6-7e08-4474-a285-3208198ce6fd}.xpi","installDate":1474526330000,"updateDate":1474526330000,"applyBackgroundUpdates":1,"skinnable":true,"size":5028,"sourceURI":null,"releaseNotesURI":null,"softDisabled":false,"foreignInstall":false,"hasBinaryComponents":false,"strictCompatibility":true,"locales":[],"targetApplications":[{"id":"{ec8030f7-c20a-464f-9b0e-13a3a9e97384}","minVersion":"45.4.0","maxVersion":"45.4.0"}],"targetPlatforms":[],"seen":true},{"id":"alx-ffdeveloper@amazon.com","syncGUID":"vqMJR7y-rU3H","location":"app-profile","version":"3.0.2","type":"extension","internalName":null,"updateURL":null,"updateKey":null,"optionsURL":null,"optionsType":null,"aboutURL":null,"icons":{},"iconURL":"resource://alx-ffdeveloper-at-amazon-dot-com/data/images/icon-48x48.png","icon64URL":null,"defaultLocale":{"name":"Alexa Traffic Rank","description":"The Official Alexa Traffic Rank Extension, providing Alexa Traffic Rank and site Information when clicked.","creator":"Liangnan Wu","homepageURL":null},"visible":true,"active":true,"userDisabled":false,"appDisabled":false,"descriptor":"/root/.mozilla/firefox/4jkvp9gi.firefox1/extensions/alx-ffdeveloper@amazon.com.xpi","installDate":1479066864000,"updateDate":1479066864000,"applyBackgroundUpdates":1,"bootstrap":true,"skinnable":false,"size":248550,"sourceURI":null,"releaseNotesURI":null,"softDisabled":false,"foreignInstall":true,"hasBinaryComponents":false,"strictCompatibility":false,"locales":[],"targetApplications":[{"id":"{ec8030f7-c20a-464f-9b0e-13a3a9e97384}","minVersion":"38.0a1","maxVersion":"*"}],"targetPlatforms":[],"multiprocessCompatible":false,"signedState":1,"seen":true},{"id":"{81BF1D23-5F17-408D-AC6B-BD6DF7CAF670}","syncGUID":"G24I5HwLZL-T","location":"app-profile","version":"9.0.3","type":"extension","internalName":null,"updateURL":null,"updateKey":null,"optionsURL":"chrome://imacros/content/options.xul","optionsType":null,"aboutURL":null,"icons":{},"iconURL":"chrome://imacros/skin/logo_32x32.png","icon64URL":null,"defaultLocale":{"name":"iMacros for Firefox","description":"Automate your web browser. Record and replay repetitious work.","creator":"iMacros, an Ipswitch Product","homepageURL":"http://www.iopus.com/imacros/firefox"},"visible":true,"active":true,"userDisabled":false,"appDisabled":false,"descriptor":"/root/.mozilla/firefox/4jkvp9gi.firefox1/extensions/{81BF1D23-5F17-408D-AC6B-BD6DF7CAF670}.xpi","installDate":1479066850000,"updateDate":1479066850000,"applyBackgroundUpdates":1,"bootstrap":true,"skinnable":false,"size":1206131,"sourceURI":null,"releaseNotesURI":null,"softDisabled":false,"foreignInstall":true,"hasBinaryComponents":false,"strictCompatibility":false,"locales":[],"targetApplications":[{"id":"{ec8030f7-c20a-464f-9b0e-13a3a9e97384}","minVersion":"38.*","maxVersion":"42.*"}],"targetPlatforms":[],"multiprocessCompatible":true,"signedState":2,"seen":true}]}