{"chrome://browser/content/browser.xul":{"navigator-toolbox":{"iconsize":"small"},"main-window":{"screenX":"0","screenY":"0","width":"768","height":"576","sizemode":"normal"},"sidebar-title":{"value":""}},"about:config":{"prefCol":{"ordinal":"1","sortDirection":"ascending","width":"451"},"lockCol":{"ordinal":"3","width":"97"},"typeCol":{"ordinal":"5","width":"51"},"valueCol":{"ordinal":"7","width":"131"}},"chrome://browser/content/preferences/connection.xul":{"ConnectionsDialog":{"screenX":"0","screenY":"0"}},"chrome://imacros/content/options.xul":{"imacros-options-dialog":{"lastSelected":"common-settings","screenX":"248","screenY":"114"}}}