{"extensions.alexa.httpsDadList":{"value":["https:[/]{2}(www[0-9]?|encrypted)[.](l.)?google[.].*[/]"],"defValue":["https:[/]{2}(www[0-9]?|encrypted)[.](l.)?google[.].*[/]"]},"extensions.alexa.searchconf":{"value":"{\n  \"google\" : {\n     \"urlexp\" : \"http(?:s)?:\\\\/\\\\/(?:www[0-9]*\\\\.|encrypted\\\\.)(?:l\\\\.)?google\\\\..*\\\\/.*[?#&]q=([^&]+)\",\n     \"rankometer\" :  {\n      \"url\"   :\"http(?:s)?:\\\\/\\\\/(?:www[0-9]*\\\\.|encrypted\\\\.)(?:l\\\\.)?google\\\\..*\\\\/\",\n      \"reload\": true,\n      \"hide\": true,\n      \"xpath\" : {\n        \"block\": [\n          \"//div/ol/li[ contains( concat( ' ', normalize-space(@class), ' ' ),concat( ' ', 'g', ' ' ) ) ]\",\n          \"//div/ol/li[ contains( concat( ' ', normalize-space(@class), ' ' ),concat( ' ', 'g', ' ' ) ) ]\",\n          \"//div/ol/li[ contains( concat( ' ', normalize-space(@class), ' ' ),concat( ' ', 'g', ' ' ) ) ]\",\n          \"//div/ol/div/li[ contains( concat( ' ', normalize-space(@class), ' ' ),concat( ' ', 'g', ' ' ) ) ]\",\n          \"//div[ contains( concat( ' ', normalize-space(@id), ' ' ),concat( ' ', 'search', ' ' ) ) ]//div[ contains( concat( ' ', normalize-space(@id), ' ' ),concat( ' ', 'ires', ' ' ) ) ]//div[ contains( concat( ' ', normalize-space(@class), ' ' ),concat( ' ', 'g', ' ' ) ) ]\"\n        ],\n        \"insert\" : [\n          \"./div/div/div/cite\",\n          \"./div/div[ contains( concat( ' ', normalize-space(@class), ' ' ),concat( ' ', 'kv', ' ' ) ) ]/cite\",\n          \"./div/div/div/div[ contains( concat( ' ', normalize-space(@class), ' ' ),concat( ' ', 'kv', ' ' ) ) ]/cite\",\n          \"./div/div/div/div[ contains( concat( ' ', normalize-space(@class), ' ' ),concat( ' ', 'kv', ' ' ) ) ]/cite\",\n          \"./div[ contains( concat( ' ', normalize-space(@class), ' '), ' rc ')]/div/div/div[ contains( concat( ' ', normalize-space(@class), ' ' ),concat( ' ', 'kv', ' ' ) ) ]/cite\"\n        ],\n        \"target\" : [\n          \"./div/h3[ contains( concat( ' ', normalize-space(@class), ' '), ' r ')]/descendant::a/@href\",\n          \"./h3[ contains( concat( ' ', normalize-space(@class), ' '), ' r ')]/descendant::a/@href\",\n          \"./div/h3[ contains( concat( ' ', normalize-space(@class), ' '), ' r ')]/descendant::a/@href\",\n          \"./div/h3[ contains( concat( ' ', normalize-space(@class), ' '), ' r ')]/descendant::a/@href\",\n          \"./div[ contains( concat( ' ', normalize-space(@class), ' '), ' rc ')]/h3[ contains( concat( ' ', normalize-space(@class), ' '), ' r ')]/descendant::a/@href\"\n        ]\n      }\n    },\n    \"cba\" :  {\n      \"url\"   :\"http(?:s)?:\\\\/\\\\/(?:www([0-9])?|encrypted)\\\\.(l\\\\.)?google\\\\..*\\\\/\",\n      \"reload\": true,\n      \"hide\": true,\n      \"xpath\" : {\n        \"block\": [\n          \"//div[ contains( concat( ' ', normalize-space(@id), ' ' ),concat( ' ', 'tads', ' ' ) ) ]/ol/li\"\n          ,\"//div[ contains( concat( ' ', normalize-space(@id), ' ' ),concat( ' ', 'tadsb', ' ' ) ) ]/ol/li\"\n          ,\"//div[ contains( concat( ' ', normalize-space(@id), ' ' ),concat( ' ', 'tads', ' ' ) ) ]/ol/li\"\n          ,\"//div[ contains( concat( ' ', normalize-space(@id), ' ' ),concat( ' ', 'tads', ' ' ) ) ]/ol/li\"\n          ,\"//div[ contains( concat( ' ', normalize-space(@id), ' ' ),concat( ' ', 'mbEnd', ' ' ) ) ]/ol/li\"\n          ,\"//table[ contains( concat( ' ', normalize-space(@id), ' ' ),concat( ' ', 'mbEnd', ' ' ) ) ]/tbody/tr/td/ol/li\"\n          ,\"//table[ contains( concat( ' ', normalize-space(@id), ' ' ),concat( ' ', 'mbEnd', ' ' ) ) ]/tbody/tr/td/ol/li\"\n          ,\"//table[ contains( concat( ' ', normalize-space(@id), ' ' ),concat( ' ', 'mbEnd', ' ' ) ) ]/tbody/tr/td/ol/li\"\n        ],\n        \"insert\" : [\n          \"./div/cite\"\n          ,\"./div/cite\"\n          ,\"./div/div[ contains( concat( ' ', normalize-space(@class), ' ' ),concat( ' ', 'kv', ' ' ) ) ]/cite\"\n          ,\"./div/div/div[ contains( concat( ' ', normalize-space(@class), ' ' ),concat( ' ', 'kv', ' ' ) ) ]/cite\"\n          ,\"./div/cite\"\n          ,\"./div/div[ contains( concat( ' ', normalize-space(@class), ' ' ),concat( ' ', 'kv', ' ' ) ) ]/cite\"\n          ,\"./div/div/div/span[ contains( concat( ' ', normalize-space(@class), ' ' ),concat( ' ', 'a', ' ' ) ) ]\"\n          ,\"./div/div/span[ contains( concat( ' ', normalize-space(@class), ' ' ),concat( ' ', 'a', ' ' ) ) ]\"\n\n        ],\n        \"target\" : [\n          \"./descendant::h3/descendant::a/@href\"\n          ,\"./descendant::h3/descendant::a/@href\"\n          ,\"./div/descendant::h3/descendant::a/@href\"\n          ,\"./div/descendant::h3/descendant::a/@href\"\n          ,\"./descendant::h3/descendant::a/@href\"\n          ,\"./div/descendant::h3/descendant::a/@href\"\n          ,\"./div/descendant::div/descendant::div/descendant::a/@href\"\n          ,\"./div/descendant::div/descendant::a/@href\"\n        ]\n      }\n    }\n  },\n  \"amazon\": {\n     \"urlexp\" : \"http(?:s)?:\\\\/\\\\/www\\\\.amazon\\\\..*\\\\/gp\\\\/bit\\\\/apps\\\\/web\\\\/SERP\\\\/search.*[?#&]q=([^&]+)\",\n      \"rankometer\" :  {\n      \"hide\":true,\n      \"url\" : \"http(?:s)?:\\\\/\\\\/www\\\\.amazon\\\\..*\\\\/gp\\\\/bit\\\\/apps\\\\/web\\\\/SERP\\\\/search\",\n      \"xpath\" : {\n        \"block\": [\n          \"//div/div/div[ contains( concat( ' ', normalize-space(@class), ' ' ),concat( ' ', 'naturalResult', ' ' ) ) ]\"\n        ],\n        \"insert\" : [\n          \"./cite\"\n        ],\n        \"target\" : [\n          \"./cite/text()\"\n        ]\n      }\n    }\n  },\n\n  \"bing\"   : {\n    \"urlexp\" : \"http(?:s)?:\\\\/\\\\/www\\\\.bing\\\\.com\\\\/search?.*[?#&]q=([^&]+)\",\n    \"rankometer\" :  {\n      \"url\"   : \"http(?:s)?:\\\\/\\\\/.*((search\\\\.msn|live)\\\\.com\\\\/results.aspx\\\\?|(?:www\\\\.)?bing\\\\.com\\\\/search)\",\n      \"xpath\" : {\n        \"block\": [\n          \"descendant-or-self::*[@id = 'b_content']/descendant::ol[ contains( concat( ' ', normalize-space(@id), ' '), ' b_results ')]/descendant::li[ contains( concat( ' ', normalize-space(@class), ' '), ' b_algo ')]\",\n          \"descendant-or-self::*[@id = 'results']/descendant::ul[ contains( concat( ' ', normalize-space(@class), ' '), ' sb_results ')]/descendant::li/descendant::div[ contains( concat( ' ', normalize-space(@class), ' '), ' sa_cc ')]\"\n        ],\n        \"insert\" : [\n          \"./descendant::div[ contains( concat( ' ', normalize-space(@class), ' '), ' b_caption')]/div/descendant::cite\",\n          \"./descendant::div[ contains( concat( ' ', normalize-space(@class), ' '), ' sb_meta ')]/descendant::cite\"\n        ],\n        \"target\" : [\n          \"./descendant::h2/descendant::a/@href\",\n          \"./descendant::div[ contains( concat( ' ', normalize-space(@class), ' '), ' sb_tlst ')]/descendant::h3/descendant::a/@href\"\n        ]\n      }\n    },\n    \"cba\" :  {\n      \"url\"   :\"http(?:s)?:\\\\/\\\\/.*search\\\\.msn|live\\\\.com\\\\/results.aspx\\\\?|http:\\\\/\\\\/www\\\\.bing\\\\.com\\\\/search\",\n      \"xpath\" : {\n        \"block\": [\n          \"//div[ contains( concat( ' ', normalize-space(@class), ' ' ),concat( ' ', 'sb_adsWv2', ' ' ) ) ]/ul/li\",\n          \"//div[ contains( concat( ' ', normalize-space(@class), ' ' ),concat( ' ', 'sb_adsWv2', ' ' ) ) ]/ul/li\",\n          \"//li[ contains( concat( ' ', normalize-space(@class), ' ' ),concat( ' ', 'b_ad', ' ' ) ) ]/ul/li\",\n          \"//div[ contains( concat( ' ', normalize-space(@class), ' ' ),concat( ' ', 'sb_adsNv2', ' ' ) ) ]/ul/li\"\n        ],\n        \"insert\" : [\n          \"./div/p/cite\",\n          \"./div/cite\",\n          \"./div/div/div/cite\",\n          \"./div/cite\"\n        ],\n        \"target\" : [\n          \"./div/descendant::h3/descendant::a/@href\",\n          \"./div/descendant::h3/descendant::a/@href\",\n          \"./div/descendant::h2/descendant::a/@href\",\n          \"./div/descendant::h3/descendant::a/@href\"\n        ]\n      }\n    }\n  },\n  \"yahoo\"  : {\n    \"urlexp\" : \"http(?:s)?:\\\\/\\\\/.*search\\\\.yahoo\\\\.com\\\\/search.*[?#&]p=([^&]+)\",\n    \"rankometer\" :  {\n      \"url\"   :\"http(?:s)?:\\\\/\\\\/.*search\\\\.yahoo\\\\.com\\\\/search\",\n      \"xpath\" : {\n        \"block\": [\n          \"//div[@id='results']/descendant::ol/li/div[ contains( concat( ' ', normalize-space(@class), ' ' ),concat( ' ', 'res', ' ' ) ) ]\"\n        ],\n        \"insert\" : [\n          \"./span[ contains( concat( ' ', normalize-space(@class), ' '), ' url ')]\"\n        ],\n        \"target\" : [\n          \"./div/descendant::h3/descendant::a/@href\"\n        ]\n      }\n    },\n    \"cba\" :  {\n      \"url\"   :\"http(?:s)?:\\\\/\\\\/.*search\\\\.yahoo\\\\.com\\\\/search\",\n      \"xpath\" : {\n        \"block\": [\n          \"//div[ contains( concat( ' ', normalize-space(@class), ' ' ),concat( ' ', 'ads', ' ' ) ) ]/ul/li\",\n          \"//div[ contains( concat( ' ', normalize-space(@class), ' ' ),concat( ' ', 'ads', ' ' ) ) ]/ul/li\",\n          \"//div[ contains( concat( ' ', normalize-space(@class), ' ' ),concat( ' ', 'ads', ' ' ) ) ]/ul/li\"\n        ],\n        \"insert\" : [\n          \"./em\",\n          \"./div/div/div/em\",\n          \"./em\"\n        ],\n        \"target\" : [\n          \"./a/@href\",\n          \"./div/div/div/div/a/@href\",\n          \"./div/descendant::a/@href\"\n        ]\n      }\n    }\n  },\n  \"baidu\"  : {\n    \"urlexp\" : \"http:\\\\/\\\\/www\\\\.baidu\\\\.com\\\\/(s|baidu).*[?#&]wd=([^&]+)\",\n    \"rankometer\" :  {\n      \"url\"   :\"http:\\\\/\\\\/www\\\\.baidu\\\\.com\\\\/(s|baidu)\\\\?\",\n      \"xpath\" : {\n        \"block\": [\n          \"//table/tbody/tr/td[ contains( concat( ' ', normalize-space(@class), ' '), ' c-default ')]\",\n          \"//table/tbody/tr/td[ contains( concat( ' ', normalize-space(@class), ' '), ' f ')]\",\n          \"//table/tbody/tr/td[ contains( concat( ' ', normalize-space(@class), ' '), ' f ')]\",\n          \"//table/tbody/tr/td[ contains( concat( ' ', normalize-space(@class), ' '), ' f ')]\"\n        ],\n        \"insert\" : [\n          \"./div/span[ contains( concat( ' ', normalize-space(@class), ' '), ' g ')]\",\n          \"./div/span[ contains( concat( ' ', normalize-space(@class), ' '), ' g ')]\",\n          \"./font/font[ contains( concat( ' ', normalize-space(@color), ' '), ' #008000 ')]\",\n          \"./font/span[ contains( concat( ' ', normalize-space(@class), ' '), ' g ')]\"\n        ],\n        \"target\" : [\n          \"./descendant::h3/descendant::a/@href\",\n          \"./descendant::h3/descendant::a/@href\",\n          \"./descendant::h3/descendant::a/@href\",\n          \"./descendant::h3/descendant::a/@href\"\n        ]\n      }\n    },\n    \"cba\" :  {\n      \"url\"   :\"http:\\\\/\\\\/www\\\\.baidu\\\\.com\\\\/(s|baidu)\\\\?\",\n      \"xpath\" : {\n        \"block\": [\n          \"//div[ contains( concat( ' ', normalize-space(@id), ' ' ),concat( ' ', 'container', ' ' ) ) ]/table[ contains( concat( ' ', normalize-space(@class), ' ' ),concat( ' ', 'EC_mr15', ' ' ) ) ]\",\n          \"//div[ contains( concat( ' ', normalize-space(@id), ' ' ),concat( ' ', 'ec_im_container', ' ' ) ) ]/div[ contains( concat( ' ', normalize-space(@class), ' ' ),concat( ' ', 'EC_PP', ' ' ) ) ]\"\n        ],\n        \"insert\" : [\n          \"./tbody/tr/td/a/font[ contains( concat( ' ', normalize-space(@color), ' ' ),concat( ' ', '#008000', ' ' ) ) ]\",\n          \"./a/font[ contains( concat( ' ', normalize-space(@color), ' ' ),concat( ' ', '#008000', ' ' ) ) ]\"\n        ],\n        \"target\" : [\n          \"./tbody/tr/td[ contains( concat( ' ', normalize-space(@id), ' ' ),concat( ' ', 'taw0', ' ' ) ) ]/a/@href\",\n          \"./a/@href\"\n        ]\n      }\n    }\n  },\n  \"alexa\"  : {\n    \"urlexp\" : \"http:\\\\/\\\\/search\\\\.toolbars\\\\.alexa\\\\.com\\\\/.*[?#&]q=([^&]+)\",\n    \"rankometer\" :  {\n      \"url\"   :\"http:\\\\/\\\\/search\\\\.toolbars\\\\.alexa\\\\.com\",\n      \"reload\": true,\n      \"hide\": true,\n      \"xpath\" : {\n        \"block\": [\n          \"//body/div/div/div[ contains( concat( ' ', normalize-space(@id), ' '), ' content ')]/div/div/ol/li\"\n        ],\n        \"insert\" : [\n          \"./a[ contains( concat( ' ', normalize-space(@class), ' '), ' visible-url ')]\"\n        ],\n        \"target\" : [\n          \"./a[ contains( concat( ' ', normalize-space(@class), ' '), ' title ')]/@href\"\n        ]\n      }\n    }\n  },\n  \"ask\"    : {\n    \"rankometer\" :  {\n      \"url\"   :\"http:\\\\/\\\\/.*www\\\\.ask\\\\.com\\\\/web\\\\?\",\n      \"xpath\" : {\n        \"block\": [\n          \"descendant-or-self::*[@id = 'teoma-results']/descendant::div/descendant::div[ contains(concat(' ', normalize-space(@class), ' '), ' tsrc_tled ') ]\"\n        ],\n        \"insert\" : [\n          \"./div/div/span[ contains( concat( ' ', normalize-space(@class), ' '), ' attrib ')]\"\n        ],\n        \"target\" : [\n          \"./div/div/descendant::a/@href\"\n        ]\n      }\n    },\n    \"cba\" :  {\n      \"url\"   :\"http:\\\\/\\\\/.*www\\\\.ask\\\\.com\\\\/web\\\\?\",\n      \"xpath\" : {\n        \"block\": [\n          \"//div[ contains( concat( ' ', normalize-space(@class), ' ' ),concat( ' ', 'spl_ad_plus', ' ' ) ) ]\"\n        ],\n        \"insert\" : [\n          \"./div/a[ contains( concat( ' ', normalize-space(@class), ' ' ),concat( ' ', 'attrib', ' ' ) ) ]/span\"\n        ],\n        \"target\" : [\n          \"./div/a/@href\"\n        ]\n      }\n    }\n  },\n  \"yahoocn\": {\n    \"rankometer\" :  {\n      \"url\"   :\"http:\\\\/\\\\/((search|one)\\\\.cn\\\\.yahoo\\\\.com|www\\\\.yahoo\\\\.cn)\\\\/(search|s)\\\\?\",\n      \"xpath\" : {\n        \"block\": [\n          \"//div[ contains( concat( ' ', normalize-space(@class), ' '), ' yst-web ')]/ul/li\"\n        ],\n        \"insert\" : [\n          \"./em\"\n        ],\n        \"target\" : [\n          \"./descendant::h3/descendant::a/@href\"\n        ]\n      }\n    }\n  },\n  \"soso\": {\n    \"rankometer\" :  {\n      \"url\"   :\"http:\\\\/\\\\/www\\\\.soso\\\\.com\\\\/q\\\\?\",\n      \"xpath\" : {\n        \"block\": [\n          \"//div/div/div[ contains( concat( ' ', normalize-space(@class), ' '), 'result ')]/ol/li/div\"\n        ],\n        \"insert\" : [\n          \"./div[ contains( concat( ' ', normalize-space(@class), ' '), ' result_summary ')]/div[ contains( concat( ' ', normalize-space(@class), ' '), ' url ')]/cite\"\n        ],\n        \"target\" : [\n          \"./descendant::h3/descendant::a/@href\"\n        ]\n      }\n    },\n    \"cba\" :  {\n      \"url\"   :\"http:\\\\/\\\\/www\\\\.soso\\\\.com\\\\/q\\\\?\",\n      \"xpath\" : {\n        \"block\": [\n          \"//div[ contains( concat( ' ', normalize-space(@class), ' ' ),concat( ' ', 'ad_zdq', ' ' ) ) ]/ol/li\",\n          \"//div[ contains( concat( ' ', normalize-space(@id), ' ' ),concat( ' ', 'rads', ' ' ) ) ]/ul/li\"\n        ],\n        \"insert\" : [\n          \"./p/a/cite\",\n          \"./p/a/cite\"\n        ],\n        \"target\" : [\n          \"./descendant::h3/descendant::a/@href\",\n          \"./descendant::h3/descendant::a/@href\"\n        ]\n      }\n    }\n  },\n  \"sogou\": {\n    \"rankometer\" :  {\n      \"url\"   :\"http:\\\\/\\\\/www\\\\.sogou\\\\.com\\\\/web\\\\?\",\n      \"xpath\" : {\n        \"block\": [\n          \"//div/div/div/div[ contains( concat( ' ', normalize-space(@class), ' '), ' results ')]/div\",\n          \"//div/div/div/div[ contains( concat( ' ', normalize-space(@class), ' '), ' results ')]/div\"\n        ],\n        \"insert\" : [\n          \"./font[ contains( concat( ' ', normalize-space(@color), ' '), ' #008000 ')]\",\n          \"./div[ contains( concat( ' ', normalize-space(@class), ' '), ' fb ')]/cite\"\n        ],\n        \"target\" : [\n          \"./descendant::h3/descendant::a/@href\",\n          \"./descendant::h3/descendant::a/@href\"\n        ]\n      }\n    },\n    \"cba\" :  {\n      \"url\"   :\"http:\\\\/\\\\/www\\\\.sogou\\\\.com\\\\/web\\\\?\",\n      \"xpath\" : {\n        \"block\": [\n          \"//div[ contains( concat( ' ', normalize-space(@class), ' ' ),concat( ' ', 'sponsored', ' ' ) ) ]/ol/li\",\n          \"//div[ contains( concat( ' ', normalize-space(@class), ' ' ),concat( ' ', 'right', ' ' ) ) ]/div[ contains( concat( ' ', normalize-space(@class), ' ' ),concat( ' ', 'rb', ' ' ) ) ]\"\n        ],\n        \"insert\" : [\n          \"./cite\",\n          \"./div[ contains( concat( ' ', normalize-space(@class), ' ' ),concat( ' ', 'fb', ' ' ) ) ]/a/cite\"\n        ],\n        \"target\" : [\n          \"./descendant::h3/descendant::a/@href\",\n          \"./descendant::h3/descendant::a/@href\"\n        ]\n      }\n    }\n  },\n  \"youdao\": {\n    \"rankometer\" :  {\n      \"url\"   :\"http:\\\\/\\\\/www\\\\.youdao\\\\.com\\\\/search\\\\?\",\n      \"xpath\" : {\n        \"block\": [\n          \"//div/div/ol[ contains( concat( ' ', normalize-space(@id), ' '), ' results ')]/li\"\n        ],\n        \"insert\" : [\n          \"./div/div/div[ contains( concat( ' ', normalize-space(@class), ' '), ' result-footer ')]/cite\"\n        ],\n        \"target\" : [\n          \"./div/div[ contains( concat( ' ', normalize-space(@class), ' '), ' tl ')]/descendant::h3/descendant::a/@href\"\n        ]\n      }\n    },\n    \"cba\" :  {\n      \"url\"   :\"http:\\\\/\\\\/www\\\\.youdao\\\\.com\\\\/search\\\\?\",\n      \"xpath\" : {\n        \"block\": [\n          \"//div[ contains( concat( ' ', normalize-space(@id), ' ' ),concat( ' ', 'spTop', ' ' ) ) ]/ul/li\",\n          \"//div[ contains( concat( ' ', normalize-space(@id), ' ' ),concat( ' ', 'splink', ' ' ) ) ]/ul/li\"\n        ],\n        \"insert\" : [\n          \"./p/a/span\",\n          \"./p[ contains( concat( ' ', normalize-space(@class), ' ' ),concat( ' ', 'googleAdsDesc', ' ' ) ) ][3]/a\"\n        ],\n        \"target\" : [\n          \"./descendant::h3/descendant::a/@href\",\n          \"./descendant::h3/descendant::a/@href\"\n        ]\n      }\n    }\n  }\n}\n\n\n\n","defValue":"{\n  \"google\" : {\n     \"urlexp\" : \"http(?:s)?:\\\\/\\\\/(?:www[0-9]*\\\\.|encrypted\\\\.)(?:l\\\\.)?google\\\\..*\\\\/.*[?#&]q=([^&]+)\",\n     \"rankometer\" :  {\n      \"url\"   :\"http(?:s)?:\\\\/\\\\/(?:www[0-9]*\\\\.|encrypted\\\\.)(?:l\\\\.)?google\\\\..*\\\\/\",\n      \"reload\": true,\n      \"hide\": true,\n      \"xpath\" : {\n        \"block\": [\n          \"//div/ol/li[ contains( concat( ' ', normalize-space(@class), ' ' ),concat( ' ', 'g', ' ' ) ) ]\",\n          \"//div/ol/li[ contains( concat( ' ', normalize-space(@class), ' ' ),concat( ' ', 'g', ' ' ) ) ]\",\n          \"//div/ol/li[ contains( concat( ' ', normalize-space(@class), ' ' ),concat( ' ', 'g', ' ' ) ) ]\",\n          \"//div/ol/div/li[ contains( concat( ' ', normalize-space(@class), ' ' ),concat( ' ', 'g', ' ' ) ) ]\",\n          \"//div[ contains( concat( ' ', normalize-space(@id), ' ' ),concat( ' ', 'search', ' ' ) ) ]//div[ contains( concat( ' ', normalize-space(@id), ' ' ),concat( ' ', 'ires', ' ' ) ) ]//div[ contains( concat( ' ', normalize-space(@class), ' ' ),concat( ' ', 'g', ' ' ) ) ]\"\n        ],\n        \"insert\" : [\n          \"./div/div/div/cite\",\n          \"./div/div[ contains( concat( ' ', normalize-space(@class), ' ' ),concat( ' ', 'kv', ' ' ) ) ]/cite\",\n          \"./div/div/div/div[ contains( concat( ' ', normalize-space(@class), ' ' ),concat( ' ', 'kv', ' ' ) ) ]/cite\",\n          \"./div/div/div/div[ contains( concat( ' ', normalize-space(@class), ' ' ),concat( ' ', 'kv', ' ' ) ) ]/cite\",\n          \"./div[ contains( concat( ' ', normalize-space(@class), ' '), ' rc ')]/div/div/div[ contains( concat( ' ', normalize-space(@class), ' ' ),concat( ' ', 'kv', ' ' ) ) ]/cite\"\n        ],\n        \"target\" : [\n          \"./div/h3[ contains( concat( ' ', normalize-space(@class), ' '), ' r ')]/descendant::a/@href\",\n          \"./h3[ contains( concat( ' ', normalize-space(@class), ' '), ' r ')]/descendant::a/@href\",\n          \"./div/h3[ contains( concat( ' ', normalize-space(@class), ' '), ' r ')]/descendant::a/@href\",\n          \"./div/h3[ contains( concat( ' ', normalize-space(@class), ' '), ' r ')]/descendant::a/@href\",\n          \"./div[ contains( concat( ' ', normalize-space(@class), ' '), ' rc ')]/h3[ contains( concat( ' ', normalize-space(@class), ' '), ' r ')]/descendant::a/@href\"\n        ]\n      }\n    },\n    \"cba\" :  {\n      \"url\"   :\"http(?:s)?:\\\\/\\\\/(?:www([0-9])?|encrypted)\\\\.(l\\\\.)?google\\\\..*\\\\/\",\n      \"reload\": true,\n      \"hide\": true,\n      \"xpath\" : {\n        \"block\": [\n          \"//div[ contains( concat( ' ', normalize-space(@id), ' ' ),concat( ' ', 'tads', ' ' ) ) ]/ol/li\"\n          ,\"//div[ contains( concat( ' ', normalize-space(@id), ' ' ),concat( ' ', 'tadsb', ' ' ) ) ]/ol/li\"\n          ,\"//div[ contains( concat( ' ', normalize-space(@id), ' ' ),concat( ' ', 'tads', ' ' ) ) ]/ol/li\"\n          ,\"//div[ contains( concat( ' ', normalize-space(@id), ' ' ),concat( ' ', 'tads', ' ' ) ) ]/ol/li\"\n          ,\"//div[ contains( concat( ' ', normalize-space(@id), ' ' ),concat( ' ', 'mbEnd', ' ' ) ) ]/ol/li\"\n          ,\"//table[ contains( concat( ' ', normalize-space(@id), ' ' ),concat( ' ', 'mbEnd', ' ' ) ) ]/tbody/tr/td/ol/li\"\n          ,\"//table[ contains( concat( ' ', normalize-space(@id), ' ' ),concat( ' ', 'mbEnd', ' ' ) ) ]/tbody/tr/td/ol/li\"\n          ,\"//table[ contains( concat( ' ', normalize-space(@id), ' ' ),concat( ' ', 'mbEnd', ' ' ) ) ]/tbody/tr/td/ol/li\"\n        ],\n        \"insert\" : [\n          \"./div/cite\"\n          ,\"./div/cite\"\n          ,\"./div/div[ contains( concat( ' ', normalize-space(@class), ' ' ),concat( ' ', 'kv', ' ' ) ) ]/cite\"\n          ,\"./div/div/div[ contains( concat( ' ', normalize-space(@class), ' ' ),concat( ' ', 'kv', ' ' ) ) ]/cite\"\n          ,\"./div/cite\"\n          ,\"./div/div[ contains( concat( ' ', normalize-space(@class), ' ' ),concat( ' ', 'kv', ' ' ) ) ]/cite\"\n          ,\"./div/div/div/span[ contains( concat( ' ', normalize-space(@class), ' ' ),concat( ' ', 'a', ' ' ) ) ]\"\n          ,\"./div/div/span[ contains( concat( ' ', normalize-space(@class), ' ' ),concat( ' ', 'a', ' ' ) ) ]\"\n\n        ],\n        \"target\" : [\n          \"./descendant::h3/descendant::a/@href\"\n          ,\"./descendant::h3/descendant::a/@href\"\n          ,\"./div/descendant::h3/descendant::a/@href\"\n          ,\"./div/descendant::h3/descendant::a/@href\"\n          ,\"./descendant::h3/descendant::a/@href\"\n          ,\"./div/descendant::h3/descendant::a/@href\"\n          ,\"./div/descendant::div/descendant::div/descendant::a/@href\"\n          ,\"./div/descendant::div/descendant::a/@href\"\n        ]\n      }\n    }\n  },\n  \"amazon\": {\n     \"urlexp\" : \"http(?:s)?:\\\\/\\\\/www\\\\.amazon\\\\..*\\\\/gp\\\\/bit\\\\/apps\\\\/web\\\\/SERP\\\\/search.*[?#&]q=([^&]+)\",\n      \"rankometer\" :  {\n      \"hide\":true,\n      \"url\" : \"http(?:s)?:\\\\/\\\\/www\\\\.amazon\\\\..*\\\\/gp\\\\/bit\\\\/apps\\\\/web\\\\/SERP\\\\/search\",\n      \"xpath\" : {\n        \"block\": [\n          \"//div/div/div[ contains( concat( ' ', normalize-space(@class), ' ' ),concat( ' ', 'naturalResult', ' ' ) ) ]\"\n        ],\n        \"insert\" : [\n          \"./cite\"\n        ],\n        \"target\" : [\n          \"./cite/text()\"\n        ]\n      }\n    }\n  },\n\n  \"bing\"   : {\n    \"urlexp\" : \"http(?:s)?:\\\\/\\\\/www\\\\.bing\\\\.com\\\\/search?.*[?#&]q=([^&]+)\",\n    \"rankometer\" :  {\n      \"url\"   : \"http(?:s)?:\\\\/\\\\/.*((search\\\\.msn|live)\\\\.com\\\\/results.aspx\\\\?|(?:www\\\\.)?bing\\\\.com\\\\/search)\",\n      \"xpath\" : {\n        \"block\": [\n          \"descendant-or-self::*[@id = 'b_content']/descendant::ol[ contains( concat( ' ', normalize-space(@id), ' '), ' b_results ')]/descendant::li[ contains( concat( ' ', normalize-space(@class), ' '), ' b_algo ')]\",\n          \"descendant-or-self::*[@id = 'results']/descendant::ul[ contains( concat( ' ', normalize-space(@class), ' '), ' sb_results ')]/descendant::li/descendant::div[ contains( concat( ' ', normalize-space(@class), ' '), ' sa_cc ')]\"\n        ],\n        \"insert\" : [\n          \"./descendant::div[ contains( concat( ' ', normalize-space(@class), ' '), ' b_caption')]/div/descendant::cite\",\n          \"./descendant::div[ contains( concat( ' ', normalize-space(@class), ' '), ' sb_meta ')]/descendant::cite\"\n        ],\n        \"target\" : [\n          \"./descendant::h2/descendant::a/@href\",\n          \"./descendant::div[ contains( concat( ' ', normalize-space(@class), ' '), ' sb_tlst ')]/descendant::h3/descendant::a/@href\"\n        ]\n      }\n    },\n    \"cba\" :  {\n      \"url\"   :\"http(?:s)?:\\\\/\\\\/.*search\\\\.msn|live\\\\.com\\\\/results.aspx\\\\?|http:\\\\/\\\\/www\\\\.bing\\\\.com\\\\/search\",\n      \"xpath\" : {\n        \"block\": [\n          \"//div[ contains( concat( ' ', normalize-space(@class), ' ' ),concat( ' ', 'sb_adsWv2', ' ' ) ) ]/ul/li\",\n          \"//div[ contains( concat( ' ', normalize-space(@class), ' ' ),concat( ' ', 'sb_adsWv2', ' ' ) ) ]/ul/li\",\n          \"//li[ contains( concat( ' ', normalize-space(@class), ' ' ),concat( ' ', 'b_ad', ' ' ) ) ]/ul/li\",\n          \"//div[ contains( concat( ' ', normalize-space(@class), ' ' ),concat( ' ', 'sb_adsNv2', ' ' ) ) ]/ul/li\"\n        ],\n        \"insert\" : [\n          \"./div/p/cite\",\n          \"./div/cite\",\n          \"./div/div/div/cite\",\n          \"./div/cite\"\n        ],\n        \"target\" : [\n          \"./div/descendant::h3/descendant::a/@href\",\n          \"./div/descendant::h3/descendant::a/@href\",\n          \"./div/descendant::h2/descendant::a/@href\",\n          \"./div/descendant::h3/descendant::a/@href\"\n        ]\n      }\n    }\n  },\n  \"yahoo\"  : {\n    \"urlexp\" : \"http(?:s)?:\\\\/\\\\/.*search\\\\.yahoo\\\\.com\\\\/search.*[?#&]p=([^&]+)\",\n    \"rankometer\" :  {\n      \"url\"   :\"http(?:s)?:\\\\/\\\\/.*search\\\\.yahoo\\\\.com\\\\/search\",\n      \"xpath\" : {\n        \"block\": [\n          \"//div[@id='results']/descendant::ol/li/div[ contains( concat( ' ', normalize-space(@class), ' ' ),concat( ' ', 'res', ' ' ) ) ]\"\n        ],\n        \"insert\" : [\n          \"./span[ contains( concat( ' ', normalize-space(@class), ' '), ' url ')]\"\n        ],\n        \"target\" : [\n          \"./div/descendant::h3/descendant::a/@href\"\n        ]\n      }\n    },\n    \"cba\" :  {\n      \"url\"   :\"http(?:s)?:\\\\/\\\\/.*search\\\\.yahoo\\\\.com\\\\/search\",\n      \"xpath\" : {\n        \"block\": [\n          \"//div[ contains( concat( ' ', normalize-space(@class), ' ' ),concat( ' ', 'ads', ' ' ) ) ]/ul/li\",\n          \"//div[ contains( concat( ' ', normalize-space(@class), ' ' ),concat( ' ', 'ads', ' ' ) ) ]/ul/li\",\n          \"//div[ contains( concat( ' ', normalize-space(@class), ' ' ),concat( ' ', 'ads', ' ' ) ) ]/ul/li\"\n        ],\n        \"insert\" : [\n          \"./em\",\n          \"./div/div/div/em\",\n          \"./em\"\n        ],\n        \"target\" : [\n          \"./a/@href\",\n          \"./div/div/div/div/a/@href\",\n          \"./div/descendant::a/@href\"\n        ]\n      }\n    }\n  },\n  \"baidu\"  : {\n    \"urlexp\" : \"http:\\\\/\\\\/www\\\\.baidu\\\\.com\\\\/(s|baidu).*[?#&]wd=([^&]+)\",\n    \"rankometer\" :  {\n      \"url\"   :\"http:\\\\/\\\\/www\\\\.baidu\\\\.com\\\\/(s|baidu)\\\\?\",\n      \"xpath\" : {\n        \"block\": [\n          \"//table/tbody/tr/td[ contains( concat( ' ', normalize-space(@class), ' '), ' c-default ')]\",\n          \"//table/tbody/tr/td[ contains( concat( ' ', normalize-space(@class), ' '), ' f ')]\",\n          \"//table/tbody/tr/td[ contains( concat( ' ', normalize-space(@class), ' '), ' f ')]\",\n          \"//table/tbody/tr/td[ contains( concat( ' ', normalize-space(@class), ' '), ' f ')]\"\n        ],\n        \"insert\" : [\n          \"./div/span[ contains( concat( ' ', normalize-space(@class), ' '), ' g ')]\",\n          \"./div/span[ contains( concat( ' ', normalize-space(@class), ' '), ' g ')]\",\n          \"./font/font[ contains( concat( ' ', normalize-space(@color), ' '), ' #008000 ')]\",\n          \"./font/span[ contains( concat( ' ', normalize-space(@class), ' '), ' g ')]\"\n        ],\n        \"target\" : [\n          \"./descendant::h3/descendant::a/@href\",\n          \"./descendant::h3/descendant::a/@href\",\n          \"./descendant::h3/descendant::a/@href\",\n          \"./descendant::h3/descendant::a/@href\"\n        ]\n      }\n    },\n    \"cba\" :  {\n      \"url\"   :\"http:\\\\/\\\\/www\\\\.baidu\\\\.com\\\\/(s|baidu)\\\\?\",\n      \"xpath\" : {\n        \"block\": [\n          \"//div[ contains( concat( ' ', normalize-space(@id), ' ' ),concat( ' ', 'container', ' ' ) ) ]/table[ contains( concat( ' ', normalize-space(@class), ' ' ),concat( ' ', 'EC_mr15', ' ' ) ) ]\",\n          \"//div[ contains( concat( ' ', normalize-space(@id), ' ' ),concat( ' ', 'ec_im_container', ' ' ) ) ]/div[ contains( concat( ' ', normalize-space(@class), ' ' ),concat( ' ', 'EC_PP', ' ' ) ) ]\"\n        ],\n        \"insert\" : [\n          \"./tbody/tr/td/a/font[ contains( concat( ' ', normalize-space(@color), ' ' ),concat( ' ', '#008000', ' ' ) ) ]\",\n          \"./a/font[ contains( concat( ' ', normalize-space(@color), ' ' ),concat( ' ', '#008000', ' ' ) ) ]\"\n        ],\n        \"target\" : [\n          \"./tbody/tr/td[ contains( concat( ' ', normalize-space(@id), ' ' ),concat( ' ', 'taw0', ' ' ) ) ]/a/@href\",\n          \"./a/@href\"\n        ]\n      }\n    }\n  },\n  \"alexa\"  : {\n    \"urlexp\" : \"http:\\\\/\\\\/search\\\\.toolbars\\\\.alexa\\\\.com\\\\/.*[?#&]q=([^&]+)\",\n    \"rankometer\" :  {\n      \"url\"   :\"http:\\\\/\\\\/search\\\\.toolbars\\\\.alexa\\\\.com\",\n      \"reload\": true,\n      \"hide\": true,\n      \"xpath\" : {\n        \"block\": [\n          \"//body/div/div/div[ contains( concat( ' ', normalize-space(@id), ' '), ' content ')]/div/div/ol/li\"\n        ],\n        \"insert\" : [\n          \"./a[ contains( concat( ' ', normalize-space(@class), ' '), ' visible-url ')]\"\n        ],\n        \"target\" : [\n          \"./a[ contains( concat( ' ', normalize-space(@class), ' '), ' title ')]/@href\"\n        ]\n      }\n    }\n  },\n  \"ask\"    : {\n    \"rankometer\" :  {\n      \"url\"   :\"http:\\\\/\\\\/.*www\\\\.ask\\\\.com\\\\/web\\\\?\",\n      \"xpath\" : {\n        \"block\": [\n          \"descendant-or-self::*[@id = 'teoma-results']/descendant::div/descendant::div[ contains(concat(' ', normalize-space(@class), ' '), ' tsrc_tled ') ]\"\n        ],\n        \"insert\" : [\n          \"./div/div/span[ contains( concat( ' ', normalize-space(@class), ' '), ' attrib ')]\"\n        ],\n        \"target\" : [\n          \"./div/div/descendant::a/@href\"\n        ]\n      }\n    },\n    \"cba\" :  {\n      \"url\"   :\"http:\\\\/\\\\/.*www\\\\.ask\\\\.com\\\\/web\\\\?\",\n      \"xpath\" : {\n        \"block\": [\n          \"//div[ contains( concat( ' ', normalize-space(@class), ' ' ),concat( ' ', 'spl_ad_plus', ' ' ) ) ]\"\n        ],\n        \"insert\" : [\n          \"./div/a[ contains( concat( ' ', normalize-space(@class), ' ' ),concat( ' ', 'attrib', ' ' ) ) ]/span\"\n        ],\n        \"target\" : [\n          \"./div/a/@href\"\n        ]\n      }\n    }\n  },\n  \"yahoocn\": {\n    \"rankometer\" :  {\n      \"url\"   :\"http:\\\\/\\\\/((search|one)\\\\.cn\\\\.yahoo\\\\.com|www\\\\.yahoo\\\\.cn)\\\\/(search|s)\\\\?\",\n      \"xpath\" : {\n        \"block\": [\n          \"//div[ contains( concat( ' ', normalize-space(@class), ' '), ' yst-web ')]/ul/li\"\n        ],\n        \"insert\" : [\n          \"./em\"\n        ],\n        \"target\" : [\n          \"./descendant::h3/descendant::a/@href\"\n        ]\n      }\n    }\n  },\n  \"soso\": {\n    \"rankometer\" :  {\n      \"url\"   :\"http:\\\\/\\\\/www\\\\.soso\\\\.com\\\\/q\\\\?\",\n      \"xpath\" : {\n        \"block\": [\n          \"//div/div/div[ contains( concat( ' ', normalize-space(@class), ' '), 'result ')]/ol/li/div\"\n        ],\n        \"insert\" : [\n          \"./div[ contains( concat( ' ', normalize-space(@class), ' '), ' result_summary ')]/div[ contains( concat( ' ', normalize-space(@class), ' '), ' url ')]/cite\"\n        ],\n        \"target\" : [\n          \"./descendant::h3/descendant::a/@href\"\n        ]\n      }\n    },\n    \"cba\" :  {\n      \"url\"   :\"http:\\\\/\\\\/www\\\\.soso\\\\.com\\\\/q\\\\?\",\n      \"xpath\" : {\n        \"block\": [\n          \"//div[ contains( concat( ' ', normalize-space(@class), ' ' ),concat( ' ', 'ad_zdq', ' ' ) ) ]/ol/li\",\n          \"//div[ contains( concat( ' ', normalize-space(@id), ' ' ),concat( ' ', 'rads', ' ' ) ) ]/ul/li\"\n        ],\n        \"insert\" : [\n          \"./p/a/cite\",\n          \"./p/a/cite\"\n        ],\n        \"target\" : [\n          \"./descendant::h3/descendant::a/@href\",\n          \"./descendant::h3/descendant::a/@href\"\n        ]\n      }\n    }\n  },\n  \"sogou\": {\n    \"rankometer\" :  {\n      \"url\"   :\"http:\\\\/\\\\/www\\\\.sogou\\\\.com\\\\/web\\\\?\",\n      \"xpath\" : {\n        \"block\": [\n          \"//div/div/div/div[ contains( concat( ' ', normalize-space(@class), ' '), ' results ')]/div\",\n          \"//div/div/div/div[ contains( concat( ' ', normalize-space(@class), ' '), ' results ')]/div\"\n        ],\n        \"insert\" : [\n          \"./font[ contains( concat( ' ', normalize-space(@color), ' '), ' #008000 ')]\",\n          \"./div[ contains( concat( ' ', normalize-space(@class), ' '), ' fb ')]/cite\"\n        ],\n        \"target\" : [\n          \"./descendant::h3/descendant::a/@href\",\n          \"./descendant::h3/descendant::a/@href\"\n        ]\n      }\n    },\n    \"cba\" :  {\n      \"url\"   :\"http:\\\\/\\\\/www\\\\.sogou\\\\.com\\\\/web\\\\?\",\n      \"xpath\" : {\n        \"block\": [\n          \"//div[ contains( concat( ' ', normalize-space(@class), ' ' ),concat( ' ', 'sponsored', ' ' ) ) ]/ol/li\",\n          \"//div[ contains( concat( ' ', normalize-space(@class), ' ' ),concat( ' ', 'right', ' ' ) ) ]/div[ contains( concat( ' ', normalize-space(@class), ' ' ),concat( ' ', 'rb', ' ' ) ) ]\"\n        ],\n        \"insert\" : [\n          \"./cite\",\n          \"./div[ contains( concat( ' ', normalize-space(@class), ' ' ),concat( ' ', 'fb', ' ' ) ) ]/a/cite\"\n        ],\n        \"target\" : [\n          \"./descendant::h3/descendant::a/@href\",\n          \"./descendant::h3/descendant::a/@href\"\n        ]\n      }\n    }\n  },\n  \"youdao\": {\n    \"rankometer\" :  {\n      \"url\"   :\"http:\\\\/\\\\/www\\\\.youdao\\\\.com\\\\/search\\\\?\",\n      \"xpath\" : {\n        \"block\": [\n          \"//div/div/ol[ contains( concat( ' ', normalize-space(@id), ' '), ' results ')]/li\"\n        ],\n        \"insert\" : [\n          \"./div/div/div[ contains( concat( ' ', normalize-space(@class), ' '), ' result-footer ')]/cite\"\n        ],\n        \"target\" : [\n          \"./div/div[ contains( concat( ' ', normalize-space(@class), ' '), ' tl ')]/descendant::h3/descendant::a/@href\"\n        ]\n      }\n    },\n    \"cba\" :  {\n      \"url\"   :\"http:\\\\/\\\\/www\\\\.youdao\\\\.com\\\\/search\\\\?\",\n      \"xpath\" : {\n        \"block\": [\n          \"//div[ contains( concat( ' ', normalize-space(@id), ' ' ),concat( ' ', 'spTop', ' ' ) ) ]/ul/li\",\n          \"//div[ contains( concat( ' ', normalize-space(@id), ' ' ),concat( ' ', 'splink', ' ' ) ) ]/ul/li\"\n        ],\n        \"insert\" : [\n          \"./p/a/span\",\n          \"./p[ contains( concat( ' ', normalize-space(@class), ' ' ),concat( ' ', 'googleAdsDesc', ' ' ) ) ][3]/a\"\n        ],\n        \"target\" : [\n          \"./descendant::h3/descendant::a/@href\",\n          \"./descendant::h3/descendant::a/@href\"\n        ]\n      }\n    }\n  }\n}\n\n\n\n"}}